[
    {"ime": "Marc-André ter Stegen", "pozicija": "Golman"},
    {"ime": "Iñaki Peña", "pozicija": "Golman"},
    {"ime": "Pau Cubarsí", "pozicija": "Branič"},
    {"ime": "Jules Koundé", "pozicija": "Branič"},
    {"ime": "Ronald Araújo", "pozicija": "Branič"},
    {"ime": "Andreas Christensen", "pozicija": "Branič"},
    {"ime": "Iñigo Martinez", "pozicija": "Branič"},
    {"ime": "Sergi Roberto", "pozicija": "Branič"},
    {"ime": "Alejandro Balde", "pozicija": "Branič"},
    {"ime": "Marcos Alonso", "pozicija": "Branič"},
    {"ime": "João Cancelo", "pozicija": "Branič"},
    {"ime": "İlkay Gündoğan", "pozicija": "Vezni"},
    {"ime": "Frenkie de Jong", "pozicija": "Vezni"},
    {"ime": "Pedri", "pozicija": "Vezni"},
    {"ime": "Gavi", "pozicija": "Vezni"},
    {"ime": "Fermín López", "pozicija": "Vezni"},
    {"ime": "Vitor Roque", "pozicija": "Vezni"},
    {"ime": "João Félix", "pozicija": "Napadač"},
    {"ime": "Lamine Yamal", "pozicija": "Napadač"},
    {"ime": "Robert Lewandowski", "pozicija": "Napadač"},
    {"ime": "Raphinha", "pozicija": "Napadač"},
    {"ime": "Ferran Torres", "pozicija": "Napadač"},
    {"ime": "Marc Guiu", "pozicija": "Napadač"},
    {"ime": "Hansi Flick", "pozicija": "Trener"}
]
